﻿<?xml version="1.0" encoding="utf-8" ?>
<Rn.Core.Locale>
  <LocaleInfo>
    <Key Name="Language" Value="English (SA)" Type="string" />
    <Key Name="Version" Value="1.0.0.0" Type="version" />
    <Key Name="Language.Short" Value="en" Type="string" />
    <Key Name="Language.Author" Value="Richard Niemand" Type="string" />
    <Key Name="Language.Author.Email" Value="niemand.richard@gmail.com" Type="email" />
    <Key Name="Language.Author.URL" Value="http://richards-blog.com/html/" Type="url" />
  </LocaleInfo>

  <StringResources>
    <String Name="0001" EventID="4001" Severity="debug" Enabled="true" Value="Created the default XmppClientConnection object" />
    <String Name="0002" EventID="4002" Severity="info" Enabled="true" Value="Successfully logged into '{0}' as the user '{1}'" />
  </StringResources>
</Rn.Core.Locale>